gene_id,phenotype,population,frequency,study_id,calculation_method
CYP2C19,Normal Metabolizer,BEB,0.2924,1000G_BEB,"HWE from *2, *3, *17 frequencies (includes *2/*17, *3/*17 compound het)"
CYP2C19,Rapid Metabolizer,BEB,0.1195,1000G_BEB,"HWE from *2, *3, *17 frequencies (includes *2/*17, *3/*17 compound het)"
CYP2C19,Ultrarapid Metabolizer,BEB,0.0122,1000G_BEB,"HWE from *2, *3, *17 frequencies (includes *2/*17, *3/*17 compound het)"
CYP2C19,Intermediate Metabolizer,BEB,0.4543,1000G_BEB,"HWE from *2, *3, *17 frequencies (includes *2/*17, *3/*17 compound het)"
CYP2C19,Poor Metabolizer,BEB,0.1217,1000G_BEB,"HWE from *2, *3, *17 frequencies (includes *2/*17, *3/*17 compound het)"
CYP2C19,Normal Metabolizer,SAS,0.2439,1000G_SAS,"HWE from *2, *3, *17 frequencies (includes *2/*17, *3/*17 compound het)"
CYP2C19,Rapid Metabolizer,SAS,0.1343,1000G_SAS,"HWE from *2, *3, *17 frequencies (includes *2/*17, *3/*17 compound het)"
CYP2C19,Ultrarapid Metabolizer,SAS,0.0185,1000G_SAS,"HWE from *2, *3, *17 frequencies (includes *2/*17, *3/*17 compound het)"
CYP2C19,Intermediate Metabolizer,SAS,0.4663,1000G_SAS,"HWE from *2, *3, *17 frequencies (includes *2/*17, *3/*17 compound het)"
CYP2C19,Poor Metabolizer,SAS,0.137,1000G_SAS,"HWE from *2, *3, *17 frequencies (includes *2/*17, *3/*17 compound het)"
CYP2C19,Normal Metabolizer,SAS_EXCL_BEB,0.2341,1000G_SAS_EXCL_BEB,"HWE from *2, *3, *17 frequencies (includes *2/*17, *3/*17 compound het)"
CYP2C19,Rapid Metabolizer,SAS_EXCL_BEB,0.1369,1000G_SAS_EXCL_BEB,"HWE from *2, *3, *17 frequencies (includes *2/*17, *3/*17 compound het)"
CYP2C19,Ultrarapid Metabolizer,SAS_EXCL_BEB,0.02,1000G_SAS_EXCL_BEB,"HWE from *2, *3, *17 frequencies (includes *2/*17, *3/*17 compound het)"
CYP2C19,Intermediate Metabolizer,SAS_EXCL_BEB,0.4686,1000G_SAS_EXCL_BEB,"HWE from *2, *3, *17 frequencies (includes *2/*17, *3/*17 compound het)"
CYP2C19,Poor Metabolizer,SAS_EXCL_BEB,0.1404,1000G_SAS_EXCL_BEB,"HWE from *2, *3, *17 frequencies (includes *2/*17, *3/*17 compound het)"
CYP2C19,Normal Metabolizer,EUR,0.3984,1000G_EUR,"HWE from *2, *3, *17 frequencies (includes *2/*17, *3/*17 compound het)"
CYP2C19,Rapid Metabolizer,EUR,0.2824,1000G_EUR,"HWE from *2, *3, *17 frequencies (includes *2/*17, *3/*17 compound het)"
CYP2C19,Ultrarapid Metabolizer,EUR,0.05,1000G_EUR,"HWE from *2, *3, *17 frequencies (includes *2/*17, *3/*17 compound het)"
CYP2C19,Intermediate Metabolizer,EUR,0.2481,1000G_EUR,"HWE from *2, *3, *17 frequencies (includes *2/*17, *3/*17 compound het)"
CYP2C19,Poor Metabolizer,EUR,0.0211,1000G_EUR,"HWE from *2, *3, *17 frequencies (includes *2/*17, *3/*17 compound het)"
CYP2C19,Normal Metabolizer,EAS,0.3808,1000G_EAS,"HWE from *2, *3, *17 frequencies (includes *2/*17, *3/*17 compound het)"
CYP2C19,Rapid Metabolizer,EAS,0.0184,1000G_EAS,"HWE from *2, *3, *17 frequencies (includes *2/*17, *3/*17 compound het)"
CYP2C19,Ultrarapid Metabolizer,EAS,0.0002,1000G_EAS,"HWE from *2, *3, *17 frequencies (includes *2/*17, *3/*17 compound het)"
CYP2C19,Intermediate Metabolizer,EAS,0.4652,1000G_EAS,"HWE from *2, *3, *17 frequencies (includes *2/*17, *3/*17 compound het)"
CYP2C19,Poor Metabolizer,EAS,0.1355,1000G_EAS,"HWE from *2, *3, *17 frequencies (includes *2/*17, *3/*17 compound het)"
CYP2C19,Normal Metabolizer,AFR,0.3508,1000G_AFR,"HWE from *2, *3, *17 frequencies (includes *2/*17, *3/*17 compound het)"
CYP2C19,Rapid Metabolizer,AFR,0.2787,1000G_AFR,"HWE from *2, *3, *17 frequencies (includes *2/*17, *3/*17 compound het)"
CYP2C19,Ultrarapid Metabolizer,AFR,0.0553,1000G_AFR,"HWE from *2, *3, *17 frequencies (includes *2/*17, *3/*17 compound het)"
CYP2C19,Intermediate Metabolizer,AFR,0.2854,1000G_AFR,"HWE from *2, *3, *17 frequencies (includes *2/*17, *3/*17 compound het)"
CYP2C19,Poor Metabolizer,AFR,0.0297,1000G_AFR,"HWE from *2, *3, *17 frequencies (includes *2/*17, *3/*17 compound het)"
CYP2D6,Normal Metabolizer,BEB,0.7053,1000G_BEB,"HWE from *4, *10 frequencies with CPIC activity score (3-allele)"
CYP2D6,Intermediate Metabolizer,BEB,0.2798,1000G_BEB,"HWE from *4, *10 frequencies with CPIC activity score (3-allele)"
CYP2D6,Poor Metabolizer,BEB,0.0149,1000G_BEB,"HWE from *4, *10 frequencies with CPIC activity score (3-allele)"
CYP2D6,Normal Metabolizer,SAS,0.7661,1000G_SAS,"HWE from *4, *10 frequencies with CPIC activity score (3-allele)"
CYP2D6,Intermediate Metabolizer,SAS,0.222,1000G_SAS,"HWE from *4, *10 frequencies with CPIC activity score (3-allele)"
CYP2D6,Poor Metabolizer,SAS,0.012,1000G_SAS,"HWE from *4, *10 frequencies with CPIC activity score (3-allele)"
CYP2D6,Normal Metabolizer,SAS_EXCL_BEB,0.7769,1000G_SAS_EXCL_BEB,"HWE from *4, *10 frequencies with CPIC activity score (3-allele)"
CYP2D6,Intermediate Metabolizer,SAS_EXCL_BEB,0.2117,1000G_SAS_EXCL_BEB,"HWE from *4, *10 frequencies with CPIC activity score (3-allele)"
CYP2D6,Poor Metabolizer,SAS_EXCL_BEB,0.0114,1000G_SAS_EXCL_BEB,"HWE from *4, *10 frequencies with CPIC activity score (3-allele)"
CYP2D6,Normal Metabolizer,EUR,0.6221,1000G_EUR,"HWE from *4, *10 frequencies with CPIC activity score (3-allele)"
CYP2D6,Intermediate Metabolizer,EUR,0.3434,1000G_EUR,"HWE from *4, *10 frequencies with CPIC activity score (3-allele)"
CYP2D6,Poor Metabolizer,EUR,0.0346,1000G_EUR,"HWE from *4, *10 frequencies with CPIC activity score (3-allele)"
CYP2D6,Normal Metabolizer,EAS,0.6695,1000G_EAS,"HWE from *4, *10 frequencies with CPIC activity score (3-allele)"
CYP2D6,Intermediate Metabolizer,EAS,0.3305,1000G_EAS,"HWE from *4, *10 frequencies with CPIC activity score (3-allele)"
CYP2D6,Poor Metabolizer,EAS,0.0,1000G_EAS,"HWE from *4, *10 frequencies with CPIC activity score (3-allele)"
CYP2D6,Normal Metabolizer,AFR,0.8699,1000G_AFR,"HWE from *4, *10 frequencies with CPIC activity score (3-allele)"
CYP2D6,Intermediate Metabolizer,AFR,0.1264,1000G_AFR,"HWE from *4, *10 frequencies with CPIC activity score (3-allele)"
CYP2D6,Poor Metabolizer,AFR,0.0037,1000G_AFR,"HWE from *4, *10 frequencies with CPIC activity score (3-allele)"
CYP2C9,Normal Metabolizer,BEB,0.7504,1000G_BEB,"HWE from *2, *3 frequencies"
CYP2C9,Intermediate Metabolizer,BEB,0.236,1000G_BEB,"HWE from *2, *3 frequencies"
CYP2C9,Poor Metabolizer,BEB,0.0135,1000G_BEB,"HWE from *2, *3 frequencies"
CYP2C9,Normal Metabolizer,SAS,0.7324,1000G_SAS,"HWE from *2, *3 frequencies"
CYP2C9,Intermediate Metabolizer,SAS,0.2556,1000G_SAS,"HWE from *2, *3 frequencies"
CYP2C9,Poor Metabolizer,SAS,0.012,1000G_SAS,"HWE from *2, *3 frequencies"
CYP2C9,Normal Metabolizer,SAS_EXCL_BEB,0.7286,1000G_SAS_EXCL_BEB,"HWE from *2, *3 frequencies"
CYP2C9,Intermediate Metabolizer,SAS_EXCL_BEB,0.2597,1000G_SAS_EXCL_BEB,"HWE from *2, *3 frequencies"
CYP2C9,Poor Metabolizer,SAS_EXCL_BEB,0.0117,1000G_SAS_EXCL_BEB,"HWE from *2, *3 frequencies"
CYP2C9,Normal Metabolizer,EUR,0.6451,1000G_EUR,"HWE from *2, *3 frequencies"
CYP2C9,Intermediate Metabolizer,EUR,0.3496,1000G_EUR,"HWE from *2, *3 frequencies"
CYP2C9,Poor Metabolizer,EUR,0.0053,1000G_EUR,"HWE from *2, *3 frequencies"
CYP2C9,Normal Metabolizer,EAS,0.9318,1000G_EAS,"HWE from *2, *3 frequencies"
CYP2C9,Intermediate Metabolizer,EAS,0.0671,1000G_EAS,"HWE from *2, *3 frequencies"
CYP2C9,Poor Metabolizer,EAS,0.0011,1000G_EAS,"HWE from *2, *3 frequencies"
CYP2C9,Normal Metabolizer,AFR,0.9789,1000G_AFR,"HWE from *2, *3 frequencies"
CYP2C9,Intermediate Metabolizer,AFR,0.0211,1000G_AFR,"HWE from *2, *3 frequencies"
CYP2C9,Poor Metabolizer,AFR,0.0,1000G_AFR,"HWE from *2, *3 frequencies"
CYP3A5,Normal Metabolizer,BEB,0.1342,1000G_BEB,HWE from *3 frequency (corrected REF orientation)
CYP3A5,Intermediate Metabolizer,BEB,0.4642,1000G_BEB,HWE from *3 frequency (corrected REF orientation)
CYP3A5,Poor Metabolizer,BEB,0.4016,1000G_BEB,HWE from *3 frequency (corrected REF orientation)
CYP3A5,Normal Metabolizer,SAS,0.1104,1000G_SAS,HWE from *3 frequency (corrected REF orientation)
CYP3A5,Intermediate Metabolizer,SAS,0.4438,1000G_SAS,HWE from *3 frequency (corrected REF orientation)
CYP3A5,Poor Metabolizer,SAS,0.4458,1000G_SAS,HWE from *3 frequency (corrected REF orientation)
CYP3A5,Normal Metabolizer,SAS_EXCL_BEB,0.1057,1000G_SAS_EXCL_BEB,HWE from *3 frequency (corrected REF orientation)
CYP3A5,Intermediate Metabolizer,SAS_EXCL_BEB,0.4388,1000G_SAS_EXCL_BEB,HWE from *3 frequency (corrected REF orientation)
CYP3A5,Poor Metabolizer,SAS_EXCL_BEB,0.4555,1000G_SAS_EXCL_BEB,HWE from *3 frequency (corrected REF orientation)
CYP3A5,Normal Metabolizer,EUR,0.0032,1000G_EUR,HWE from *3 frequency (corrected REF orientation)
CYP3A5,Intermediate Metabolizer,EUR,0.1069,1000G_EUR,HWE from *3 frequency (corrected REF orientation)
CYP3A5,Poor Metabolizer,EUR,0.8899,1000G_EUR,HWE from *3 frequency (corrected REF orientation)
CYP3A5,Normal Metabolizer,EAS,0.0822,1000G_EAS,HWE from *3 frequency (corrected REF orientation)
CYP3A5,Intermediate Metabolizer,EAS,0.409,1000G_EAS,HWE from *3 frequency (corrected REF orientation)
CYP3A5,Poor Metabolizer,EAS,0.5088,1000G_EAS,HWE from *3 frequency (corrected REF orientation)
CYP3A5,Normal Metabolizer,AFR,0.6724,1000G_AFR,HWE from *3 frequency (corrected REF orientation)
CYP3A5,Intermediate Metabolizer,AFR,0.2952,1000G_AFR,HWE from *3 frequency (corrected REF orientation)
CYP3A5,Poor Metabolizer,AFR,0.0324,1000G_AFR,HWE from *3 frequency (corrected REF orientation)
TPMT,Normal Metabolizer,BEB,0.9091,1000G_BEB,"HWE from *2, *3A, *3C frequencies"
TPMT,Intermediate Metabolizer,BEB,0.0887,1000G_BEB,"HWE from *2, *3A, *3C frequencies"
TPMT,Poor Metabolizer,BEB,0.0022,1000G_BEB,"HWE from *2, *3A, *3C frequencies"
TPMT,Normal Metabolizer,SAS,0.9575,1000G_SAS,"HWE from *2, *3A, *3C frequencies"
TPMT,Intermediate Metabolizer,SAS,0.042,1000G_SAS,"HWE from *2, *3A, *3C frequencies"
TPMT,Poor Metabolizer,SAS,0.0005,1000G_SAS,"HWE from *2, *3A, *3C frequencies"
TPMT,Normal Metabolizer,SAS_EXCL_BEB,0.968,1000G_SAS_EXCL_BEB,"HWE from *2, *3A, *3C frequencies"
TPMT,Intermediate Metabolizer,SAS_EXCL_BEB,0.0317,1000G_SAS_EXCL_BEB,"HWE from *2, *3A, *3C frequencies"
TPMT,Poor Metabolizer,SAS_EXCL_BEB,0.0003,1000G_SAS_EXCL_BEB,"HWE from *2, *3A, *3C frequencies"
TPMT,Normal Metabolizer,EUR,0.8787,1000G_EUR,"HWE from *2, *3A, *3C frequencies"
TPMT,Intermediate Metabolizer,EUR,0.1174,1000G_EUR,"HWE from *2, *3A, *3C frequencies"
TPMT,Poor Metabolizer,EUR,0.0039,1000G_EUR,"HWE from *2, *3A, *3C frequencies"
TPMT,Normal Metabolizer,EAS,0.9568,1000G_EAS,"HWE from *2, *3A, *3C frequencies"
TPMT,Intermediate Metabolizer,EAS,0.0427,1000G_EAS,"HWE from *2, *3A, *3C frequencies"
TPMT,Poor Metabolizer,EAS,0.0005,1000G_EAS,"HWE from *2, *3A, *3C frequencies"
TPMT,Normal Metabolizer,AFR,0.8643,1000G_AFR,"HWE from *2, *3A, *3C frequencies"
TPMT,Intermediate Metabolizer,AFR,0.1308,1000G_AFR,"HWE from *2, *3A, *3C frequencies"
TPMT,Poor Metabolizer,AFR,0.0049,1000G_AFR,"HWE from *2, *3A, *3C frequencies"
SLCO1B1,Normal Function,BEB,0.58,1000G_BEB,"HWE from *1B, *5 frequencies"
SLCO1B1,Decreased Function,BEB,0.4172,1000G_BEB,"HWE from *1B, *5 frequencies"
SLCO1B1,Low Function,BEB,0.0027,1000G_BEB,"HWE from *1B, *5 frequencies"
SLCO1B1,Normal Function,SAS,0.6167,1000G_SAS,"HWE from *1B, *5 frequencies"
SLCO1B1,Decreased Function,SAS,0.3814,1000G_SAS,"HWE from *1B, *5 frequencies"
SLCO1B1,Low Function,SAS,0.0018,1000G_SAS,"HWE from *1B, *5 frequencies"
SLCO1B1,Normal Function,SAS_EXCL_BEB,0.6245,1000G_SAS_EXCL_BEB,"HWE from *1B, *5 frequencies"
SLCO1B1,Decreased Function,SAS_EXCL_BEB,0.3738,1000G_SAS_EXCL_BEB,"HWE from *1B, *5 frequencies"
SLCO1B1,Low Function,SAS_EXCL_BEB,0.0017,1000G_SAS_EXCL_BEB,"HWE from *1B, *5 frequencies"
SLCO1B1,Normal Function,EUR,0.5418,1000G_EUR,"HWE from *1B, *5 frequencies"
SLCO1B1,Decreased Function,EUR,0.4323,1000G_EUR,"HWE from *1B, *5 frequencies"
SLCO1B1,Low Function,EUR,0.0259,1000G_EUR,"HWE from *1B, *5 frequencies"
SLCO1B1,Normal Function,EAS,0.1886,1000G_EAS,"HWE from *1B, *5 frequencies"
SLCO1B1,Decreased Function,EAS,0.7963,1000G_EAS,"HWE from *1B, *5 frequencies"
SLCO1B1,Low Function,EAS,0.0151,1000G_EAS,"HWE from *1B, *5 frequencies"
SLCO1B1,Normal Function,AFR,0.3043,1000G_AFR,"HWE from *1B, *5 frequencies"
SLCO1B1,Decreased Function,AFR,0.6955,1000G_AFR,"HWE from *1B, *5 frequencies"
SLCO1B1,Low Function,AFR,0.0002,1000G_AFR,"HWE from *1B, *5 frequencies"
VKORC1,GG (normal sensitivity),BEB,0.7107,1000G_BEB,HWE from -1639G>A (rs9923231) frequency
VKORC1,GA (intermediate sensitivity),BEB,0.2647,1000G_BEB,HWE from -1639G>A (rs9923231) frequency
VKORC1,AA (high sensitivity),BEB,0.0246,1000G_BEB,HWE from -1639G>A (rs9923231) frequency
VKORC1,GG (normal sensitivity),SAS,0.7307,1000G_SAS,HWE from -1639G>A (rs9923231) frequency
VKORC1,GA (intermediate sensitivity),SAS,0.2482,1000G_SAS,HWE from -1639G>A (rs9923231) frequency
VKORC1,AA (high sensitivity),SAS,0.0211,1000G_SAS,HWE from -1639G>A (rs9923231) frequency
VKORC1,GG (normal sensitivity),SAS_EXCL_BEB,0.735,1000G_SAS_EXCL_BEB,HWE from -1639G>A (rs9923231) frequency
VKORC1,GA (intermediate sensitivity),SAS_EXCL_BEB,0.2446,1000G_SAS_EXCL_BEB,HWE from -1639G>A (rs9923231) frequency
VKORC1,AA (high sensitivity),SAS_EXCL_BEB,0.0204,1000G_SAS_EXCL_BEB,HWE from -1639G>A (rs9923231) frequency
VKORC1,GG (normal sensitivity),EUR,0.3749,1000G_EUR,HWE from -1639G>A (rs9923231) frequency
VKORC1,GA (intermediate sensitivity),EUR,0.4748,1000G_EUR,HWE from -1639G>A (rs9923231) frequency
VKORC1,AA (high sensitivity),EUR,0.1503,1000G_EUR,HWE from -1639G>A (rs9923231) frequency
VKORC1,GG (normal sensitivity),EAS,0.0132,1000G_EAS,HWE from -1639G>A (rs9923231) frequency
VKORC1,GA (intermediate sensitivity),EAS,0.2037,1000G_EAS,HWE from -1639G>A (rs9923231) frequency
VKORC1,AA (high sensitivity),EAS,0.7831,1000G_EAS,HWE from -1639G>A (rs9923231) frequency
VKORC1,GG (normal sensitivity),AFR,0.894,1000G_AFR,HWE from -1639G>A (rs9923231) frequency
VKORC1,GA (intermediate sensitivity),AFR,0.103,1000G_AFR,HWE from -1639G>A (rs9923231) frequency
VKORC1,AA (high sensitivity),AFR,0.003,1000G_AFR,HWE from -1639G>A (rs9923231) frequency
